Disc,Track#,Song,Artist,Disc,Track#,,,,,,
1,00,Carry On,Fun,1,00,,,,,,
1,01,Alone,Heart,1,01,,,,,,
1,02,Who Knew,Pink,1,02,,,,,,
1,03,Someone Like You,Adele,1,03,,,,,,
1,04,Over You,Daughtry,1,04,,,,,,
1,05,Stay,Rihanna,1,05,,,,,,
1,06,When I Was Your Man,Bruno Mars,1,06,,,,,,
1,07,Teenage Dream,Katy Perry,1,07,,,,,,
1,08,Looking For a New Love,Jody Watley,1,08,,,,,,
1,09,What Doesn't Kill You (Stronger),Kelly Clarkson,1,09,,,,,,
1,10,After All These Years,Journey,1,10,,,,,,
1,11,Keep Your Head Up,Andy Grammer,1,11,,,,,,
1,12,Girl On Fire,Alicia Keys,1,12,,,,,,
1,13,I Love You,Celine Dion,1,13,,,,,,
1,14,Said I Loved You..But I Lied,Michael Bolton,1,14,,,,,,
1,15,Express Yourself,Madonna,1,15,,,,,,
1,16,I Want to Know What Love Is,Foreigner,1,16,,,,,,
1,17,Angel Eyes,The Jeff Healy Band,1,17,,,,,,
1,18,Don't Mean Nothing,Richard Marx,1,18,,,,,,
1,19,Hello,Adele,1,19,,,,,,
1,20,Get Lucky,Daft Punk,1,20,,,,,,
1,21,Home,Daughtry,1,21,,,,,,
1,22,Valentine,Martina McBride,1,22,,,,,,
1,23,All The Right Moves,OneRepublic,1,23,,,,,,
1,24,Wish You Were Here,Pink Floyd,1,24,,,,,,
1,25,Reach,Gloria Estefan,1,25,,,,,,
1,26,Fight Song,Rachel Platten,1,26,,,,,,
1,27,Little Lies,Fleetwood Mac,1,27,,,,,,
1,28,Uptown Funk [feat Bruno Mars],Mark Ronson,1,28,,,,,,
1,29,Better in Time,Leona Lewis,1,29,,,,,,
1,30,Time After Time,Cyndi Lauper,1,30,,,,,,
1,31,You And I,Eddie Rabbitt,1,31,,,,,,
1,32,Always,Atlantic Starr,1,32,,,,,,
1,33,That's What Friends Are For,Dionne Warwick,1,33,,,,,,
1,34,Danger Zone,Kenny Loggins,1,34,,,,,,
1,35,Almost Paradise,Mike Reno,1,35,,,,,,
1,36,Take My Breath Away,Berlin,1,36,,,,,,
1,37,I Wish It Would Rain Down,Phil Collins,1,37,,,,,,
1,38,Let's Hear It For The Boys,Deniece Williams,1,38,,,,,,
1,39,End of the Innocence,Don Henley,1,39,,,,,,
1,40,Greatest Love of All,Whitney Houston,1,40,,,,,,
1,41,Lady,Styx,1,41,,,,,,
1,42,Imagine,John Lennon,1,42,,,,,,
1,43,The Sign,Ace of Base,1,43,,,,,,
1,44,I'll Always Love You,Taylor Dayne,1,44,,,,,,
1,45,All By Myself,Eric Carmen,1,45,,,,,,
1,46,Moves Like Jagger,Maroon 5,1,46,,,,,,
1,47,Wanted Dead or Alive,Bon Jovi,1,47,,,,,,
1,48,This Kiss,Faith Hill,1,48,,,,,,
1,49,Tonight's The Night,Rod Stewart,1,49,,,,,,
1,50,Love Story,Taylor Swift,1,50,,,,,,
1,51,Because You Loved Me,Celine Dion,1,51,,,,,,
1,52,Every Rose Has It's Thorn,Poison,1,52,,,,,,
1,53,A Hazy Shade of Winter,The Bangles,1,53,,,,,,
1,54,If You Leave Me Now,Chicago,1,54,,,,,,
1,55,Shower Me With Your Love,Surface,1,55,,,,,,
1,56,(Everything I Do) I Do It For You,Bryan Adams,1,56,,,,,,
1,57,Don't Worry Be Happy,Bobby McFerrin,1,57,,,,,,
1,58,The Finer Things,Steve Winwood,1,58,,,,,,
1,59,Three Times A Lady,The Commodores,1,59,,,,,,
1,60,Songbird,Kenny G,1,60,,,,,,
1,61,Handle Me With Care,Traveling Willburys,1,61,,,,,,
1,62,Just As I Am,Air Supply,1,62,,,,,,
1,63,Here and Now,Luther Vandross,1,63,,,,,,
1,64,What a Wonderful World,Louis Armstrong,1,64,,,,,,
1,65,Rock On,Michael Damian,1,65,,,,,,
1,66,My Kinda Lover,Billy Squier,1,66,,,,,,
1,67,Glory of Love,Peter Cetera,1,67,,,,,,
1,68,Here I Go Again,Whitesnake,1,68,,,,,,
1,69,Could've Been,Tiffany,1,69,,,,,,
1,70,Crazy,Patsy Cline,1,70,,,,,,
1,71,Every Breath You Take,Police,1,71,,,,,,
1,72,Flashdance..What a Feeling,Irene Cara,1,72,,,,,,
1,73,Mirrors,Justin Timberlake,1,73,,,,,,
1,74,Just a Kiss,Lady Antebellum,1,74,,,,,,
1,75,Stairway To Heaven,Led Zeppelin,1,75,,,,,,
1,76,Open Arms,Journey,1,76,,,,,,
1,77,Self Control,Laura Branigan,1,77,,,,,,
1,78,Home,Michael Buble,1,78,,,,,,
1,79,Missing You,John Waite,1,79,,,,,,
2,00,We Are Young,Fun,2,00,,,,,,
2,01,These Dreams,Heart,2,01,,,,,,
2,02,Blow Me (One Last Kiss),Pink,2,02,,,,,,
2,03,Set Fire To The Rain,Adele,2,03,,,,,,
2,04,No Surprise,Daughtry,2,04,,,,,,
2,05,We Found Love,Rihanna,2,05,,,,,,
2,06,Treasure,Bruno Mars,2,06,,,,,,
2,07,Roar,Katy Perry,2,07,,,,,,
2,08,Real Love,Jody Watley,2,08,,,,,,
2,09,Because of You,Kelly Clarkson,2,09,,,,,,
2,10,Amazed,Lonestar,2,10,,,,,,
2,11,Just Like Heaven,The Cure,2,11,,,,,,
2,12,Hurt,Christina Aguilera,2,12,,,,,,
2,13,Blurred Lines,Robin Thicke,2,13,,,,,,
2,14,Chariots of Fire,Richard Clayderman,2,14,,,,,,
2,15,Open Your Heart,Madonna,2,15,,,,,,
2,16,I Have Waited For So Long,Foreigner,2,16,,,,,,
2,17,You Were Meant for Me,Jewel,2,17,,,,,,
2,18,The Flame of Love,Richard Marx,2,18,,,,,,
2,19,Remedy,Adele,2,19,,,,,,
2,20,Iris,Goo Goo Dolls,2,20,,,,,,
2,21,Feels Like Tonight,Daughtry,2,21,,,,,,
2,22,Let It Go,Idina Menzel,2,22,,,,,,
2,23,Counting Stars,OneRepublic,2,23,,,,,,
2,24,Any Colour You Like,Pink Floyd,2,24,,,,,,
2,25,Don't Want to Lose You Now,Gloria Estefan,2,25,,,,,,
2,26,Like I'm Going to Lose You,Meghan Trainor,2,26,,,,,,
2,27,You Make Loving Fun,Fleetwood Mac,2,27,,,,,,
2,28,Thinking Out Load,Ed Sheeran,2,28,,,,,,
2,29,Bleeding Love,Leona Lewis,2,29,,,,,,
2,30,True Colors,Cyndi Lauper,2,30,,,,,,
2,31,You Can't Run From Love,Eddie Rabbitt,2,31,,,,,,
2,32,All In The Name of Love,Atlantic Starr,2,32,,,,,,
2,33,I'll Never Love This Way Again,Dionne Warwick,2,33,,,,,,
2,34,Celebrate Me Home,Kenny Loggins,2,34,,,,,,
2,35,Here Comes the Rain Again,Eurythmics,2,35,,,,,,
2,36,Torn,Natalie Imbruglia,2,36,,,,,,
2,37,Another Day in Paradise,Phil Collins,2,37,,,,,,
2,38,Hey Delilah,Plain White T's,2,38,,,,,,
2,39,If Dirt Were Dollars,Don Henley,2,39,,,,,,
2,40,Thinking About You,Whitney Houston,2,40,,,,,,
2,41,Babe,Styx,2,41,,,,,,
2,42,Woman,John Lennon,2,42,,,,,,
2,43,Don't Turn Around,Ace of Base,2,43,,,,,,
2,44,Don't Rush Me,Taylor Dayne,2,44,,,,,,
2,45,Make Me Lose Control,Eric Carmen,2,45,,,,,,
2,46,Daylight,Maroon 5,2,46,,,,,,
2,47,You Give Love a Bad Name,Bon Jovi,2,47,,,,,,
2,48,Breathe,Faith Hill,2,48,,,,,,
2,49,The First Cut Is The Deepest,Rod Stewart,2,49,,,,,,
2,50,I Knew You Were Trouble,Taylor Swift,2,50,,,,,,
2,51,Let's Talk About Love,Celine Dion,2,51,,,,,,
2,52,Fallen Angel,Poison,2,52,,,,,,
2,53,Manic Monday,The Bangles,2,53,,,,,,
2,54,Colour My World,Chicago,2,54,,,,,,
2,55,Cups,Anna Kendrick,2,55,,,,,,
2,56,Straight From The Heart,Bryan Adams,2,56,,,,,,
2,57,Simple Pleasure,Bobby McFerrin,2,57,,,,,,
2,58,Say Something,A Great Big World,2,58,,,,,,
2,59,Too Hot Ta Trot,The Commodores,2,59,,,,,,
2,60,Midnight Motion,Kenny G,2,60,,,,,,
2,61,Margarita,Traveling Willburys,2,61,,,,,,
2,62,Crazy Love,Air Supply,2,62,,,,,,
2,63,Dance with My Father,Luther Vandross,2,63,,,,,,
2,64,La Bamba,Los Lobos,2,64,,,,,,
2,65,"Gone, Gone, Gone",Phillip Phillips,2,65,,,,,,
2,66,Everybody Wants You,Billy Squier,2,66,,,,,,
2,67,No Explanation,Peter Cetera,2,67,,,,,,
2,68,Is This Love,Whitesnake,2,68,,,,,,
2,69,True ,Spandau Ballet,2,69,,,,,,
2,70,Your Cheating Heart,Patsy Cline,2,70,,,,,,
2,71,Murder by Numbers,Police,2,71,,,,,,
2,72,Love Theme From Flashdance,Helen St John,2,72,,,,,,
2,73,Suit & Tie,Justin Timberlake,2,73,,,,,,
2,74,Need You Now,Lady Antebellum,2,74,,,,,,
2,75,All My Love,Led Zeppelin,2,75,,,,,,
2,76,Faithfully,Journey,2,76,,,,,,
2,77,Gloria,Laura Branigan,2,77,,,,,,
2,78,Haven't Met You Yet,Michael Buble,2,78,,,,,,
2,79,Picture,Kid Rock,2,79,,,,,,
3,00,My Own Worst Enemy,Lit ,3,00,,,,,,
3,01,Burn,Ellis Goulding,3,01,,,,,,
3,02,Sweater Weather,The Neighbourhood,3,02,,,,,,
3,03,I'm Like a Bird,Nelly Furtado,3,03,,,,,,
3,04,Daughters,John Mayer,3,04,,,,,,
3,05,I'll Make Love to You,Boyz II Men,3,05,,,,,,
3,06,Some Nights,Fun,3,06,,,,,,
3,07,If You Don't Know Me By Now,Simply Red,3,07,,,,,,
3,08,You Raise Me Up,Josh Groban,3,08,,,,,,
3,09,Leather and Lace,Stevie Nicks,3,09,,,,,,
3,10,I Just Died In Your Arms Tonight,Cutting Crew,3,10,,,,,,
3,11,Jar of Hearts,Christina Perri,3,11,,,,,,
3,12,Raise Your Glass,Pink,3,12,,,,,,
3,13,Wherever You Will Go,The Calling,3,13,,,,,,
3,14,You and Me,Lifehouse,3,14,,,,,,
3,15,Come Away With Me,Norah Jones,3,15,,,,,,
3,16,I Love You,Sarah McLachlan,3,16,,,,,,
3,17,I Love You Always Forever,Donna Lewis,3,17,,,,,,
3,18,More Than Words,Extreme,3,18,,,,,,
3,19,Animals,Neon Trees,3,19,,,,,,
3,20,Safe and Sound,Capital Cities,3,20,,,,,,
3,21,I Melt With You,Modern English,3,21,,,,,,
3,22,Far Away,Nickelback,3,22,,,,,,
3,23,Best Day of My Life,American Authors,3,23,,,,,,
3,24,I'm Yours,Jason Mraz,3,24,,,,,,
3,25,Can't Help Falling in Love,UB40,3,25,,,,,,
3,26,Locked Out of Heaven,Bruno Mars,3,26,,,,,,
3,27,Bubbly,Colbie Caillat,3,27,,,,,,
3,28,I Will Wait,Mumford & Sons,3,28,,,,,,
3,29,Story of My Life,One Direction,3,29,,,,,,
3,30,Down Under,Men at Work,3,30,,,,,,
3,31,I'll Be  ,Edwin McCain,3,31,,,,,,
3,32,The Way I Am,Ingrid Michaelson,3,32,,,,,,
3,33,Payphone,Maroon 5,3,33,,,,,,
3,34,God Blessed the Broken Road,Rascal Flatts,3,34,,,,,,
3,35,What Makes You Beautiful,One Direction,3,35,,,,,,
3,36,DJ Got Us Fallin' in Love,Usher,3,36,,,,,,
3,37,Call Me Maybe,Carly Rae Jepson,3,37,,,,,,
3,38,Happy,Pharrell Williams,3,38,,,,,,
3,39,Feel This Moment,Pitbull,3,39,,,,,,
3,40,Landslide,Dixie Chicks,3,40,,,,,,
3,41,Can't Fight This Feeling,REO Speedwagon,3,41,,,,,,
3,42,Photograph,Nickelback,3,42,,,,,,
3,43,Black Velvet,Alannah Myles,3,43,,,,,,
3,44,With or Without You,U2,3,44,,,,,,
3,45,The Reason,Hoobastank,3,45,,,,,,
3,46,Wake Me Up,Avicii,3,46,,,,,,
3,47,All of Me,John Legend,3,47,,,,,,
3,48,I'll Stand by You,Pretenders,3,48,,,,,,
3,49,Cold Hearted,Paula Abdul,3,49,,,,,,
3,50,How Will I Know,Whitney Houston,3,50,,,,,,
3,51,Love Somebody,Maroon 5,3,51,,,,,,
3,52,Demons,Imagine Dragons,3,52,,,,,,
3,53,What's Up,4 Non Blondies,3,53,,,,,,
3,54,Hello,Lionel Richie,3,54,,,,,,
3,55,Brave,Sara Barelilles,3,55,,,,,,
3,56,Ordinary World,Duran Duran,3,56,,,,,,
3,57,Strong Enough,Sheryl Crow,3,57,,,,,,
3,58,Keep On Loving You,REO Speedwagon,3,58,,,,,,
3,59,In Your Eyes,Peter Gabriel,3,59,,,,,,
3,60,You're Beautiful,James Blunt,3,60,,,,,,
3,61,Back To December,Taylor Swift,3,61,,,,,,
3,62,Jessie's Girl,Rick Springfield,3,62,,,,,,
3,63,Oh Sheila,Ready For The World,3,63,,,,,,
3,64,It Must Have Been Love,Roxette,3,64,,,,,,
3,65,The Middle,Jimmy Eat World,3,65,,,,,,
3,66,Don't Dream It's Over,Crowded House,3,66,,,,,,
3,67,What Hav I Done To Deserve This,Pet Shop Boys,3,67,,,,,,
3,68,Done You (Forget About Me),Simple Minds,3,68,,,,,,
3,69,Poker Face,Lady Gaga,3,69,,,,,,
3,70,Human Nature,Michael Jackson,3,70,,,,,,
3,71,What Hurts the Most,Rascal Flatts,3,71,,,,,,
3,72,The Way You Make Me Feel,Michael Jackson,3,72,,,,,,
3,73,Ho Hey,The Lumineers,3,73,,,,,,
3,74,Borderline,Madonna,3,74,,,,,,
3,75,Pride (In the Name of Love),U2,3,75,,,,,,
3,76,Before He Cheats,Carrie Underwood,3,76,,,,,,
3,77,I'm Already There,Lonestar,3,77,,,,,,
3,78,Bad Romance,Lady Gaga,3,78,,,,,,
3,79,A Little Respect,Erasure,3,79,,,,,,
3,80,Shout,Tears for Fears,3,80,,,,,,
3,81,This Love,Maroon 5,3,81,,,,,,
3,82,Centerfield,John Fogerty,3,82,,,,,,
3,83,I Can't Make You Love Me,Bonnie Raitt,3,83,,,,,,
3,84,Sister Christian,Night Ranger,3,84,,,,,,
3,85,Hold Me Now,Thompson Twins,3,85,,,,,,
3,86,Rio,Duran Duran,3,86,,,,,,
3,87,You Keep Me Hangin' On,Kim Wilde,3,87,,,,,,
3,88,I Just Called to Say I Love You,Stevie Wonder,3,88,,,,,,
3,89,I Hope You Dance,Lee Ann Womack,3,89,,,,,,
3,90,Just Give Me a Reason,Pink,3,90,,,,,,
3,91,Dark Horse,Katy Perry,3,91,,,,,,
3,92,All Summer Long,Kid Rock,3,92,,,,,,
3,93,Let Her Go,Passenger,3,93,,,,,,
3,94,A Moment Like This,Kelly Clarkson,3,94,,,,,,
3,95,Friday I'm In Love,The Cure,3,95,,,,,,
3,96,Enjoy the Silence,Depeche Mode,3,96,,,,,,
3,97,Mr. Jones,Counting Crows,3,97,,,,,,
3,98,A Thousand Years,Christina Perri,3,98,,,,,,
3,99,Irreplacable,Beyonce,3,99,,,,,,
4,00,I Can't Go For That (No Can Do),Daryl Hall & John Oates,4,00,,,,,,
4,01,You Make Me Feel Like Dancing,Leo Sayer,4,01,,,,,,
4,02,Nights In White Satin,"Moody Blues, The",4,02,,,,,,
4,03,Fooled Around And Feel In Love,Elvin Bishop,4,03,,,,,,
4,04,Baby Come To Me,Patti Austin,4,04,,,,,,
4,05,Sara Smile,Daryl Hall & John Oates,4,05,,,,,,
4,06,One More Try,George Michael,4,06,,,,,,
4,07,Danny's Song,Loggins & Messina,4,07,,,,,,
4,08,Reminiscing,Little River Band,4,08,,,,,,
4,09,Saving All My Love For You,Whitney Houston,4,09,,,,,,
4,10,That's What Love Is For,Amy Grant,4,10,,,,,,
4,11,Too Much Heaven,Bee Gees,4,11,,,,,,
4,12,Overjoyed,Stevie Wonder,4,12,,,,,,
4,13,Gypsy,Fleetwood Mac,4,13,,,,,,
4,14,Baby Come Back,Player,4,14,,,,,,
4,15,Love Will Lead You Back,Taylor Dayne,4,15,,,,,,
4,16,Love Will Keep Us Alive,Eagles,4,16,,,,,,
4,17,Never Be The Same,Christopher Cross,4,17,,,,,,
4,18,You Wear It Well,Rod Stewart,4,18,,,,,,
4,19,Listen To Your Heart,Roxette,4,19,,,,,,
4,20,Just You 'N' Me,Chicago,4,20,,,,,,
4,21,Looks Like We Made It,Barry Manilow,4,21,,,,,,
4,22,There'll Be Sad Songs (To Make You Cry),Billy Ocean,4,22,,,,,,
4,23,Kokomo,"Beach Boys, The",4,23,,,,,,
4,24,Kiss On My List,Daryl Hall & John Oates,4,24,,,,,,
4,25,Goodbye Yellow Brick Road,Elton John,4,25,,,,,,
4,26,Too Late To Turn Back Now,The Cornelius Brothers & Sister Rose,4,26,,,,,,
4,27,Here I Am,Air Supply,4,27,,,,,,
4,28,Breakaway,Kelly Clarkson,4,28,,,,,,
4,29,Right Here Waiting,Richard Marx,4,29,,,,,,
4,30,Feel Like Makin' Love,Roberta Flack,4,30,,,,,,
4,31,We've Only Just Begun,Carpenters,4,31,,,,,,
4,32,You're So Vain,Carly Simon,4,32,,,,,,
4,33,Rhiannon,Fleetwood Mac,4,33,,,,,,
4,34,Up Where We Belong,Joe Cocker,4,34,,,,,,
4,35,The Lady in Red,Chris de Burgh,4,35,,,,,,
4,36,September Morn,Neil Diamond,4,36,,,,,,
4,37,Stand By Me,Ben E King,4,37,,,,,,
4,38,Dreams,Fleetwood Mac,4,38,,,,,,
4,39,Escape (The Pina Colada Song),Rupert Holmes,4,39,,,,,,
4,40,If You Don't Know Me By Now,Harold Melvin & The Blue Notes,4,40,,,,,,
4,41,You're In My Heart,Rod Stewart,4,41,,,,,,
4,42,The Long Run,Eagles,4,42,,,,,,
4,43,I Will Remember You,Sarah McLachlan,4,43,,,,,,
4,44,One More Night,Phil Collins,4,44,,,,,,
4,45,Steal Away,Robbie Dupree,4,45,,,,,,
4,46,Me & Mrs. Jones,Billy Paul,4,46,,,,,,
4,47,Sara  ,Fleetwood Mac,4,47,,,,,,
4,48,The Power of Love,Celine Dion,4,48,,,,,,
4,49,Ride Like The Wind,Christopher Cross,4,49,,,,,,
4,50,Hold On To The Nights,Richard Marx,4,50,,,,,,
4,51,One On One,Daryl Hall & John Oates,4,51,,,,,,
4,52,Your Song,Elton John,4,52,,,,,,
4,53,I Just Want to be Your Everything,Andy Gibb,4,53,,,,,,
4,54,Brown Eyed Girl,Van Morrission,4,54,,,,,,
4,55,I'd Really Love To See You Tonight,England Dan & John  Ford Coley,4,55,,,,,,
4,56,Still The Same,Bob Seger & The Silver Bullet Band,4,56,,,,,,
4,57,Wonderful Tonight,Eric Clapton,4,57,,,,,,
4,58,Rock with You,Michael Jackson,4,58,,,,,,
4,59,Sharing The Night Together,Dr. Hook,4,59,,,,,,
4,60,Maggie May,Rod Stewart,4,60,,,,,,
4,61,Anticipation,Carly Simon,4,61,,,,,,
4,62,All Out of Love,Air Supply,4,62,,,,,,
4,63,Neither One of Us (Wants To Be The First to Say Goodbye),Glady's Knight & The Pips,4,63,,,,,,
4,64,Lights,Journey,4,64,,,,,,
4,65,Sweet Caroline,Neil Diamond,4,65,,,,,,
4,66,Something,"Beatles, The",4,66,,,,,,
4,67,Daniel,Elton John,4,67,,,,,,
4,68,Hold Me,Whitney Houston,4,68,,,,,,
4,69,Sad Eyes,Robert John,4,69,,,,,,
4,70,Can't We Try,Dan Hill,4,70,,,,,,
4,71,And I love Her,The  Beatles,4,71,,,,,,
4,72,Time in a Bottle,Jim Croce,4,72,,,,,,
4,73,All By Myself,Celine Dion,4,73,,,,,,
4,74,Cherish,Kool & the Gang,4,74,,,,,,
4,75,Fire and Rain,James Taylor,4,75,,,,,,
4,76,Baby What a Big Surprise,Chicago,4,76,,,,,,
4,77,(I've Had) The Time Of My Life,Bill Medley,4,77,,,,,,
4,78,Don't Let the Sun Go Down On Me,Elton John,4,78,,,,,,
4,79,Red Red Wine,UB40,4,79,,,,,,
4,80,Sometimes When We Touch,Dan Hill,4,80,,,,,,
4,81,I'll Have To Say I Love You In A Song,Jim Croce,4,81,,,,,,
4,82,Get Closer,Seals & Crofts,4,82,,,,,,
4,83,What's Love Got to Do With It,Tina Turner,4,83,,,,,,
4,84,Always Be My Baby,Mariah Carey,4,84,,,,,,
4,85,Biggest Part of Me,Ambrosia,4,85,,,,,,
4,86,Eye In The Sky,The Alan Parsons Project,4,86,,,,,,
4,87,Lean on Me,Bill Withers,4,87,,,,,,
4,88,Waiting For A Girl Like You,Foreigner,4,88,,,,,,
4,89,Lyin' Eyes,Eagles,4,89,,,,,,
4,90,The Long And Winding Road,The Beatles,4,90,,,,,,
4,91,Sailing,Christopher Cross,4,91,,,,,,
4,92,Man in the Mirror,Michael Jackson,4,92,,,,,,
4,93,Lowdown,Boz Scaggs,4,93,,,,,,
4,94,If Ever You're In My Arms Again,Peabo Bryson,4,94,,,,,,
4,95,Hold On,Wilson Phillips,4,95,,,,,,
4,96,"Baby, I Love Your Way",Will To Power,4,96,,,,,,
4,97,Baby I'm-A Want You,Bread,4,97,,,,,,
4,98,Making Love Out of Nothing At All,Air Supply,4,98,,,,,,
4,99,"Baby, I Love Your Way",Peter Frampton,4,99,,,,,,
5,00,Rolling in the Deep,Adele,5,00,,,,,,
5,01,Try  ,Pink,5,01,,,,,,
5,02,Pompeii,Bastille,5,02,,,,,,
5,03,Dude (Looks Like A Lady),Aerosmith,5,03,,,,,,
5,04,Young Girls,Bruno Mars,5,04,,,,,,
5,05,Walk Away,Kelly Clarkson,5,05,,,,,,
5,06,Livin' On a Prayer,Bon Jovi,5,06,,,,,,
5,07,Makes Me Wonder,Maroon 5,5,07,,,,,,
5,08,I Gotta Feeling,The Black Eyed Peas,5,08,,,,,,
5,09,Stop and Stare,OneRepublic,5,09,,,,,,
5,10,When I Come Around,Green Day,5,10,,,,,,
5,11,Umbrella,Rihanna,5,11,,,,,,
5,12,Real World,Matchbox 20,5,12,,,,,,
5,13,Move Along,The All-American Rejects,5,13,,,,,,
5,14,Clarity,Zedd,5,14,,,,,,
5,15,Cruise,Florida Georgia Line,5,15,,,,,,
5,16,You Get What You Give,The New Radicals,5,16,,,,,,
5,17,Starlight,Muse,5,17,,,,,,
5,18,Timber,Pitbull,5,18,,,,,,
5,19,Me and My Broken Heart,Rixton,5,19,,,,,,
5,20,Big Empty,Stone Temple Pilots,5,20,,,,,,
5,21,Not a Bad Thing,Justin Timberlake,5,21,,,,,,
5,22,Little Lion Man,Mumford & Sons,5,22,,,,,,
5,23,Dreams,The Cranberries,5,23,,,,,,
5,24,Without You,David Guetta,5,24,,,,,,
5,25,Please Don't Leave Me,Pink,5,25,,,,,,
5,26,Use Somebody,King of Leon,5,26,,,,,,
5,27,If You Don't Know Me By Now,Patti LaBelle,5,27,,,,,,
5,28,I Honestly Love You,Olivia Newton-John,5,28,,,,,,
5,29,People Are People,Depeche Mode,5,29,,,,,,
5,30,Bakit Ikaw Pa,Imelda Papin,5,30,,,,,,
5,31,,,5,31,,,,,,
5,32,,,5,32,,,,,,
5,33,California Gurls,Katy Perry,5,33,,,,,,
5,34,Love Bites,Def Leppard,5,34,,,,,,
5,35,One More Night,Maroon 5,5,35,,,,,,
5,36,,,5,36,,,,,,
5,37,,,5,37,,,,,,
5,38,,,5,38,,,,,,
5,39,,,5,39,,,,,,
5,40,,,5,40,,,,,,
5,41,Wake Me Up When September Ends,Green Day,5,41,,,,,,
5,42,,,5,42,,,,,,
5,43,,,5,43,,,,,,
5,44,,,5,44,,,,,,
5,45,,,5,45,,,,,,
5,46,,,5,46,,,,,,
5,47,,,5,47,,,,,,
5,48,,,5,48,,,,,,
5,49,,,5,49,,,,,,
5,50,,,5,50,,,,,,
5,51,Hindi Ko Kaya,Imelda Papin,5,51,,,,,,
5,52,Policy of Truth,Depeche Mode,5,52,,,,,,
5,53,,,5,53,,,,,,
5,54,Hysteria,Def Leppard,5,54,,,,,,
5,55,,,5,55,,,,,,
5,56,,,5,56,,,,,,
5,57,,,5,57,,,,,,
5,58,,,5,58,,,,,,
5,59,,,5,59,,,,,,
5,60,,,5,60,,,,,,
5,61,,,5,61,,,,,,
5,62,"Lalaki,Ikaw ang Dahilan",Imelda Papin,5,62,,,,,,
5,63,,,5,63,,,,,,
5,64,,,5,64,,,,,,
5,65,,,5,65,,,,,,
5,66,,,5,66,,,,,,
5,67,,,5,67,,,,,,
5,68,,,5,68,,,,,,
5,69,,,5,69,,,,,,
5,70,,,5,70,,,,,,
5,71,,,5,71,,,,,,
5,72,Huwag,Imelda Papin,5,72,,,,,,
5,73,,,5,73,,,,,,
5,74,,,5,74,,,,,,
5,75,,,5,75,,,,,,
5,76,,,5,76,,,,,,
5,77,,,5,77,,,,,,
5,78,,,5,78,,,,,,
5,79,,,5,79,,,,,,
5,80,,,5,80,,,,,,
5,81,,,5,81,,,,,,
5,82,,,5,82,,,,,,
5,83,,,5,83,,,,,,
5,84,,,5,84,,,,,,
5,85,,,5,85,,,,,,
5,86,,,5,86,,,,,,
5,87,,,5,87,,,,,,
5,88,,,5,88,,,,,,
5,89,,,5,89,,,,,,
5,90,,,5,90,,,,,,
5,91,,,5,91,,,,,,
5,92,,,5,92,,,,,,
5,93,,,5,93,,,,,,
5,94,,,5,94,,,,,,
5,95,,,5,95,,,,,,
5,96,,,5,96,,,,,,
5,97,,,5,97,,,,,,
5,98,,,5,98,,,,,,
5,99,,,5,99,,,,,,
7,00,My Life,Billy Joel,7,00,,,,,,
7,01,Can't Get Enough,Bad Company,7,01,,,,,,
7,02,Hotel California,Eagles,7,02,,,,,,
7,03,More Than a Feeling,Boston,7,03,,,,,,
7,04,Make It With You,Bread,7,04,,,,,,
7,05,Can't Get It Out of My Head,Electric Light Ochestra,7,05,,,,,,
7,06,One of These Nights,Eagles,7,06,,,,,,
7,07,Another Brick in the Wall,Pink Floyd,7,07,,,,,,
7,08,Hooked On a Feeling,Blue Swede,7,08,,,,,,
7,09,Second Hand News,Fleetwood Mac,7,09,,,,,,
7,10,Feels Like the First Time,Foreigner,7,10,,,,,,
7,11,Hot Blooded,Foreigner,7,11,,,,,,
7,12,Before the Next Tear Drop Falls,Freddy Fender,7,12,,,,,,
7,13,"Bad, Bad Leroy Brown",Jim Croce,7,13,,,,,,
7,14,Rocky Mountain Way,Joe Walsh,7,14,,,,,,
7,15,Point of Not Return,Kansas,7,15,,,,,,
7,16,Black Dog,Led Zeppelin,7,16,,,,,,
7,17,In The Evening,Led Zeppelin,7,17,,,,,,
7,18,Cat's In The Cradle,Harry Chapin,7,18,,,,,,
7,19,Shine On You Crazy Diamonds,Pink Floyd,7,19,,,,,,
7,20,Alight Shade of Pale,Procol Harum,7,20,,,,,,
7,21,"Rock & Roll, Hoochie Koo",Rick Derringer,7,21,,,,,,
7,22,True Blue,Rod Stewart,7,22,,,,,,
7,23,Try And Love Again,Eagles,7,23,,,,,,
7,24,Babe,Styx,7,24,,,,,,
7,25,I Robot,The Alan Parsons Project,7,25,,,,,,
7,26,China Grove,The Doobie Brothers,7,26,,,,,,
7,27,Miss You,The Rolling Stones,7,27,,,,,,
7,28,On The Border,Al Stewart,7,28,,,,,,
7,29,Strange Magic,Electric Light Ochestra,7,29,,,,,,
7,30,You Make Loving Fun,Fleetwood Mac,7,30,,,,,,
7,31,Peace of Mind,Boston,7,31,,,,,,
7,32,School's Out,Alice Copper,7,32,,,,,,
7,33,Cold as Ice,Foreigner,7,33,,,,,,
7,34,Truckin',Grateful Dead,7,34,,,,,,
7,35,Rock and Roll,Led Zeppelin,7,35,,,,,,
7,36,Tonight's the Night,Rod Stewart,7,36,,,,,,
7,37,Spirit in the Sky,Norman Greenbaum,7,37,,,,,,
7,38,Show Me the Way,Peter Frampton,7,38,,,,,,
7,39,Welcome to the Machine,Pink Floyd,7,39,,,,,,
7,40,We are the Champions,Queen,7,40,,,,,,
7,41,Lady,Styx,7,41,,,,,,
7,42,I Wouldn't Want to be Like You,The Alan Parsons Project,7,42,,,,,,
7,43,Ramblin Man,The Allman Brothers Band,7,43,,,,,,
7,44,Long Train Running,The Doobie Brothers,7,44,,,,,,
7,45,Big Shot,Billy Joel,7,45,,,,,,
7,46,Life in the Fast Lane,Eagles,7,46,,,,,,
7,47,What's On My Mind,Kansas,7,47,,,,,,
7,48,Have a Cigar,Pink Floyd,7,48,,,,,,
7,49,Time  ,Pink Floyd,7,49,,,,,,
7,50,Colour My World,Chicago,7,50,,,,,,
7,51,I Want You to Want Me,Cheap Trick,7,51,,,,,,
7,52,Rich Girl,Daryl Hall & John Oates,7,52,,,,,,
7,53,Don't Stop,Fleetwood Mac,7,53,,,,,,
7,54,American Pie,Don McLean,7,54,,,,,,
7,55,Venus,Shocking Blue,7,55,,,,,,
7,56,Rock N Me,Steve Miller Band,7,56,,,,,,
7,57,Takin' Care of Business,Bachman-Turner Overdrive,7,57,,,,,,
7,58,Dream On,Aerosmith,7,58,,,,,,
7,59,Carry On Wayward Son,Kansas,7,59,,,,,,
7,60,Don't Bring Me Down,Electric Light Ochestra,7,60,,,,,,
7,61,Band On the Run,Paul McCartney & Wings,7,61,,,,,,
7,62,Money,Pink Floyd,7,62,,,,,,
7,63,First Cut is The Deepest,Rod Stewart,7,63,,,,,,
7,64,American Woman,The Guess Who,7,64,,,,,,
7,65,Stairway To Heaven,Led Zeppelin,7,65,,,,,,
7,66,If You Leave Me Now,Chicago,7,66,,,,,,
7,67,Victim of Love,Eagles,7,67,,,,,,
7,68,Philadelphia Freedom,Elton John,7,68,,,,,,
7,69,Double Vision,Foreigner,7,69,,,,,,
7,70,You Don't Bring Me Flowers ,Neil Diamond,7,70,,,,,,
7,71,The Joker,Steve Miller Band,7,71,,,,,,
7,72,You Ain't Seen Nothing Yet,Bachman-Turner Overdrive,7,72,,,,,,
7,73,Walk This Way,Aerosmith,7,73,,,,,,
7,74,Island Girl,Elton John,7,74,,,,,,
7,75,All Right Now,Free,7,75,,,,,,
7,76,Dust In The Wind,Kansas,7,76,,,,,,
7,77,Fly Like An Eagle,Steve Miller Band,7,77,,,,,,
7,78,Long Cool Woman (In a Black Dress),The Hollies,7,78,,,,,,
7,79,My Sharona,The Knack,7,79,,,,,,
7,80,Won't Get Fooled Again,The Who,7,80,,,,,,
7,81,Teacher,Jethro Tull,7,81,,,,,,
7,82,Lido Shuffle,Boz Scaggs,7,82,,,,,,
7,83,Longfellow Serenade,Neil Diamond,7,83,,,,,,
7,84,My Love,Paul McCartney & Wings,7,84,,,,,,
7,85,Hold the Line,Toto,7,85,,,,,,
7,86,Heart of Glass,Blondie,7,86,,,,,,
7,87,Smokin' in the Boys Room,Brownsville Station,7,87,,,,,,
7,88,Frankenstein,Edgar Winter Group,7,88,,,,,,
7,89,Kiss You All Over,Exile,7,89,,,,,,
7,90,We're An American Band,Grand Funk Railroad,7,90,,,,,,
7,91,Your Mama Don't Dance,Loggins & Messina,7,91,,,,,,
7,92,Conquistador,Procol Harum,7,92,,,,,,
7,93,You've Got a Friend,James Taylor,7,93,,,,,,
7,94,I Amâ€¦I Said,Neil Diamond,7,94,,,,,,
7,95,How Much I Feel,Ambrosia,7,95,,,,,,
7,96,Let It Be,The Beatles,7,96,,,,,,
7,97,Strange Way,Firefall,7,97,,,,,,
7,98,Green-Eyed Lady,Sugarloaf,7,98,,,,,,
7,99,Lay Down Sally,Eric Clapton,7,99,,,,,,
,,,,,,,,,,,
,,,,,,,,,,,
,,,,,,,,,,,
,,,,,,,,,,,
,,,,,,,,,,,
,,,,,,,,,,,
,,,,,,,,,,,
,,,,,,,,,,,
,,,,,,,,,,,
,,,,,,,,,,,
,,,,,,,,,,,
,,,,,,,,,,,
,,,,,,,,,,,
,,,,,,,,,,,
,,,,,,,,,,,
,,,,,,,,,,,
,,,,,,,,,,,
,,,,,,,,,,,
,,,,,,,,,,,
,,,,,,,,,,,
,,,,,,,,,,,
,,,,,,,,,,,
,,,,,,,,,,,
,,,,,,,,,,,
,,,,,,,,,,,
,,,,,,,,,,,
,,,,,,,,,,,
,,,,,,,,,,,
,,,,,,,,,,,
,,,,,,,,,,,
,,,,,,,,,,,
,,,,,,,,,,,
,,,,,,,,,,,
,,,,,,,,,,,
,,,,,,,,,,,
,,,,,,,,,,,
,,,,,,,,,,,
,,,,,,,,,,,
,,,,,,,,,,,
,,,,,,,,,,,
,,,,,,,,,,,
,,,,,,,,,,,
,,,,,,,,,,,
,,,,,,,,,,,
,,,,,,,,,,,
,,,,,,,,,,,
,,,,,,,,,,,
,,,,,,,,,,,
,,,,,,,,,,,
,,,,,,,,,,,
,,,,,,,,,,,
,,,,,,,,,,,
,,,,,,,,,,,
,,,,,,,,,,,
,,,,,,,,,,,
,,,,,,,,,,,
,,,,,,,,,,,
,,,,,,,,,,,
,,,,,,,,,,,
,,,,,,,,,,,
,,,,,,,,,,,
,,,,,,,,,,,
,,,,,,,,,,,
,,,,,,,,,,,
,,,,,,,,,,,
,,,,,,,,,,,
,,,,,,,,,,,
,,,,,,,,,,,
,,,,,,,,,,,
,,,,,,,,,,,
,,,,,,,,,,,
,,,,,,,,,,,
,,,,,,,,,,,
,,,,,,,,,,,
,,,,,,,,,,,
,,,,,,,,,,,
,,,,,,,,,,,
,,,,,,,,,,,
,,,,,,,,,,,
,,,,,,,,,,,
,,,,,,,,,,,
,,,,,,,,,,,
,,,,,,,,,,,
,,,,,,,,,,,
,,,,,,,,,,,
,,,,,,,,,,,
,,,,,,,,,,,
,,,,,,,,,,,
,,,,,,,,,,,
,,,,,,,,,,,
,,,,,,,,,,,
,,,,,,,,,,,
,,,,,,,,,,,
,,,,,,,,,,,
,,,,,,,,,,,
,,,,,,,,,,,
,,,,,,,,,,,
,,,,,,,,,,,
,,,,,,,,,,,
,,,,,,,,,,,
,,,,,,,,,,,
,,,,,,,,,,,
,,,,,,,,,,,
,,,,,,,,,,,
,,,,,,,,,,,
,,,,,,,,,,,
,,,,,,,,,,,
,,,,,,,,,,,
,,,,,,,,,,,
,,,,,,,,,,,
,,,,,,,,,,,
,,,,,,,,,,,
,,,,,,,,,,,
,,,,,,,,,,,
,,,,,,,,,,,
,,,,,,,,,,,
,,,,,,,,,,,
,,,,,,,,,,,
,,,,,,,,,,,
,,,,,,,,,,,
,,,,,,,,,,,
,,,,,,,,,,,
,,,,,,,,,,,
,,,,,,,,,,,
,,,,,,,,,,,
,,,,,,,,,,,
,,,,,,,,,,,
,,,,,,,,,,,
,,,,,,,,,,,
,,,,,,,,,,,
,,,,,,,,,,,
,,,,,,,,,,,
,,,,,,,,,,,
,,,,,,,,,,,
,,,,,,,,,,,
,,,,,,,,,,,
,,,,,,,,,,,
,,,,,,,,,,,
,,,,,,,,,,,
,,,,,,,,,,,
,,,,,,,,,,,
,,,,,,,,,,,
,,,,,,,,,,,
,,,,,,,,,,,
,,,,,,,,,,,
,,,,,,,,,,,
,,,,,,,,,,,
,,,,,,,,,,,
,,,,,,,,,,,
,,,,,,,,,,,
,,,,,,,,,,,
,,,,,,,,,,,
,,,,,,,,,,,
,,,,,,,,,,,
,,,,,,,,,,,
,,,,,,,,,,,
,,,,,,,,,,,
,,,,,,,,,,,
,,,,,,,,,,,
,,,,,,,,,,,
,,,,,,,,,,,
,,,,,,,,,,,
,,,,,,,,,,,
,,,,,,,,,,,
,,,,,,,,,,,
,,,,,,,,,,,
,,,,,,,,,,,
,,,,,,,,,,,
,,,,,,,,,,,
,,,,,,,,,,,
,,,,,,,,,,,
,,,,,,,,,,,
,,,,,,,,,,,
,,,,,,,,,,,
,,,,,,,,,,,
,,,,,,,,,,,
,,,,,,,,,,,
,,,,,,,,,,,
,,,,,,,,,,,
,,,,,,,,,,,
,,,,,,,,,,,
,,,,,,,,,,,
,,,,,,,,,,,
,,,,,,,,,,,
,,,,,,,,,,,
,,,,,,,,,,,
,,,,,,,,,,,
,,,,,,,,,,,
,,,,,,,,,,,
,,,,,,,,,,,
,,,,,,,,,,,
,,,,,,,,,,,
,,,,,,,,,,,
,,,,,,,,,,,
,,,,,,,,,,,
,,,,,,,,,,,
,,,,,,,,,,,
,,,,,,,,,,,
,,,,,,,,,,,
,,,,,,,,,,,
,,,,,,,,,,,
,,,,,,,,,,,
,,,,,,,,,,,
,,,,,,,,,,,
,,,,,,,,,,,
,,,,,,,,,,,
,,,,,,,,,,,
,,,,,,,,,,,
,,,,,,,,,,,
,,,,,,,,,,,
,,,,,,,,,,,
,,,,,,,,,,,
,,,,,,,,,,,
,,,,,,,,,,,
,,,,,,,,,,,
,,,,,,,,,,,
,,,,,,,,,,,
,,,,,,,,,,,
,,,,,,,,,,,
,,,,,,,,,,,
,,,,,,,,,,,
,,,,,,,,,,,
,,,,,,,,,,,
,,,,,,,,,,,
,,,,,,,,,,,
,,,,,,,,,,,
,,,,,,,,,,,
,,,,,,,,,,,
,,,,,,,,,,,
,,,,,,,,,,,
,,,,,,,,,,,
,,,,,,,,,,,
,,,,,,,,,,,
,,,,,,,,,,,
,,,,,,,,,,,
,,,,,,,,,,,
,,,,,,,,,,,
,,,,,,,,,,,
,,,,,,,,,,,
,,,,,,,,,,,
,,,,,,,,,,,
,,,,,,,,,,,
,,,,,,,,,,,
,,,,,,,,,,,
,,,,,,,,,,,
,,,,,,,,,,,
,,,,,,,,,,,
,,,,,,,,,,,
,,,,,,,,,,,
,,,,,,,,,,,
,,,,,,,,,,,
,,,,,,,,,,,
,,,,,,,,,,,
,,,,,,,,,,,
,,,,,,,,,,,
,,,,,,,,,,,
,,,,,,,,,,,
,,,,,,,,,,,
,,,,,,,,,,,
,,,,,,,,,,,
,,,,,,,,,,,
,,,,,,,,,,,
,,,,,,,,,,,
,,,,,,,,,,,
,,,,,,,,,,,
,,,,,,,,,,,
,,,,,,,,,,,
,,,,,,,,,,,
,,,,,,,,,,,
,,,,,,,,,,,
,,,,,,,,,,,
,,,,,,,,,,,
,,,,,,,,,,,
,,,,,,,,,,,
,,,,,,,,,,,
,,,,,,,,,,,
,,,,,,,,,,,
,,,,,,,,,,,
,,,,,,,,,,,
,,,,,,,,,,,
,,,,,,,,,,,
,,,,,,,,,,,
,,,,,,,,,,,
,,,,,,,,,,,
,,,,,,,,,,,
,,,,,,,,,,,
,,,,,,,,,,,
,,,,,,,,,,,
,,,,,,,,,,,
,,,,,,,,,,,
,,,,,,,,,,,
,,,,,,,,,,,
,,,,,,,,,,,
,,,,,,,,,,,
,,,,,,,,,,,
,,,,,,,,,,,
,,,,,,,,,,,
,,,,,,,,,,,
,,,,,,,,,,,
,,,,,,,,,,,
,,,,,,,,,,,
,,,,,,,,,,,
,,,,,,,,,,,
,,,,,,,,,,,
,,,,,,,,,,,
,,,,,,,,,,,
,,,,,,,,,,,
,,,,,,,,,,,
,,,,,,,,,,,
,,,,,,,,,,,
,,,,,,,,,,,
,,,,,,,,,,,
,,,,,,,,,,,
,,,,,,,,,,,
,,,,,,,,,,,
,,,,,,,,,,,
,,,,,,,,,,,
,,,,,,,,,,,
,,,,,,,,,,,
,,,,,,,,,,,
,,,,,,,,,,,
,,,,,,,,,,,
,,,,,,,,,,,
,,,,,,,,,,,
,,,,,,,,,,,
,,,,,,,,,,,
,,,,,,,,,,,
,,,,,,,,,,,
,,,,,,,,,,,
,,,,,,,,,,,
,,,,,,,,,,,
,,,,,,,,,,,
,,,,,,,,,,,
,,,,,,,,,,,
,,,,,,,,,,,
,,,,,,,,,,,
,,,,,,,,,,,
,,,,,,,,,,,
,,,,,,,,,,,
,,,,,,,,,,,1000
,,,,,,,,,,,1001
,,,,,,,,,,,1002
,,,,,,,,,,,1003
,,,,,,,,,,,1004
,,,,,,,,,,,1005
,,,,,,,,,,,1006
,,,,,,,,,,,1007
,,,,,,,,,,,1008
,,,,,,,,,,,1009
,,,,,,,,,,,1010
,,,,,,,,,,,1011
,,,,,,,,,,,1012
,,,,,,,,,,,1013
,,,,,,,,,,,1014
,,,,,,,,,,,1015
,,,,,,,,,,,1016
,,,,,,,,,,,1017
,,,,,,,,,,,1018
,,,,,,,,,,,1019